Workbook

Sheet Matches
A1: Match ID | B1: Date | C1: Team | D1: Score | E1: Goals Team A | F1: Goals Team B | G1: MVP
A2: 1 | B2: 45974 | C2: Team A vs Team B | D2: 7-7 | E2: =VALUE(LEFT(D2, FIND("-", D2)-1)) -> 7 | F2: =VALUE(MID(D2, FIND("-", D2)+1, 10)) -> 7 | G2: Pranav
A3: 2 | B3: 45981 | C3: Team A vs Team B
A4: 3 | B4: 45988 | C4: Team A vs Team B

Sheet Team Lineups
A1: Match ID | B1: Player Name | C1: Team (A/B) | D1: Team Score | E1: Team Conceded | F1: Result | G1: Goals Scored | H1: Assists
A2: 1 | B2: Gioele | C2: A | D2: =IF(C2="A", INDEX(Matches!$E:$E, MATCH(A2, Matches!$A:$A, 0)), INDEX(Matches!$F:$F, MATCH(A2, Matches!$A:$A, 0))) -> 7 | E2: =IF(C2="A", INDEX(Matches!$F:$F, MATCH(A2, Matches!$A:$A, 0)), INDEX(Matches!$E:$E, MATCH(A2, Matches!$A:$A, 0))) -> 7 | F2: =IF(D2>E2,"Win",IF(D2<E2,"Loss","Draw")) -> Draw | G2: 2 | H2: 2
A3: 1 | B3: Gianmarco | C3: A | D3: =IF(C3="A", INDEX(Matches!$E:$E, MATCH(A3, Matches!$A:$A, 0)), INDEX(Matches!$F:$F, MATCH(A3, Matches!$A:$A, 0))) -> 7 | E3: =IF(C3="A", INDEX(Matches!$F:$F, MATCH(A3, Matches!$A:$A, 0)), INDEX(Matches!$E:$E, MATCH(A3, Matches!$A:$A, 0))) -> 7 | F3: =IF(D3>E3,"Win",IF(D3<E3,"Loss","Draw")) -> Draw | G3: 2
A4: 1 | B4: Musta | C4: A | D4: =IF(C4="A", INDEX(Matches!$E:$E, MATCH(A4, Matches!$A:$A, 0)), INDEX(Matches!$F:$F, MATCH(A4, Matches!$A:$A, 0))) -> 7 | E4: =IF(C4="A", INDEX(Matches!$F:$F, MATCH(A4, Matches!$A:$A, 0)), INDEX(Matches!$E:$E, MATCH(A4, Matches!$A:$A, 0))) -> 7 | F4: =IF(D4>E4,"Win",IF(D4<E4,"Loss","Draw")) -> Draw | G4: 2
A5: 1 | B5: Alessandro D | C5: A | D5: =IF(C5="A", INDEX(Matches!$E:$E, MATCH(A5, Matches!$A:$A, 0)), INDEX(Matches!$F:$F, MATCH(A5, Matches!$A:$A, 0))) -> 7 | E5: =IF(C5="A", INDEX(Matches!$F:$F, MATCH(A5, Matches!$A:$A, 0)), INDEX(Matches!$E:$E, MATCH(A5, Matches!$A:$A, 0))) -> 7 | F5: =IF(D5>E5,"Win",IF(D5<E5,"Loss","Draw")) -> Draw
A6: 1 | B6: Andreadb | C6: A | D6: =IF(C6="A", INDEX(Matches!$E:$E, MATCH(A6, Matches!$A:$A, 0)), INDEX(Matches!$F:$F, MATCH(A6, Matches!$A:$A, 0))) -> 7 | E6: =IF(C6="A", INDEX(Matches!$F:$F, MATCH(A6, Matches!$A:$A, 0)), INDEX(Matches!$E:$E, MATCH(A6, Matches!$A:$A, 0))) -> 7 | F6: =IF(D6>E6,"Win",IF(D6<E6,"Loss","Draw")) -> Draw
A7: 1 | B7: Jose | C7: B | D7: =IF(C7="A", INDEX(Matches!$E:$E, MATCH(A7, Matches!$A:$A, 0)), INDEX(Matches!$F:$F, MATCH(A7, Matches!$A:$A, 0))) -> 7 | E7: =IF(C7="A", INDEX(Matches!$F:$F, MATCH(A7, Matches!$A:$A, 0)), INDEX(Matches!$E:$E, MATCH(A7, Matches!$A:$A, 0))) -> 7 | F7: =IF(D7>E7,"Win",IF(D7<E7,"Loss","Draw")) -> Draw
A8: 1 | B8: Alessandro C | C8: B | D8: =IF(C8="A", INDEX(Matches!$E:$E, MATCH(A8, Matches!$A:$A, 0)), INDEX(Matches!$F:$F, MATCH(A8, Matches!$A:$A, 0))) -> 7 | E8: =IF(C8="A", INDEX(Matches!$F:$F, MATCH(A8, Matches!$A:$A, 0)), INDEX(Matches!$E:$E, MATCH(A8, Matches!$A:$A, 0))) -> 7 | F8: =IF(D8>E8,"Win",IF(D8<E8,"Loss","Draw")) -> Draw | G8: 1
A9: 1 | B9: Lorenzo | C9: B | D9: =IF(C9="A", INDEX(Matches!$E:$E, MATCH(A9, Matches!$A:$A, 0)), INDEX(Matches!$F:$F, MATCH(A9, Matches!$A:$A, 0))) -> 7 | E9: =IF(C9="A", INDEX(Matches!$F:$F, MATCH(A9, Matches!$A:$A, 0)), INDEX(Matches!$E:$E, MATCH(A9, Matches!$A:$A, 0))) -> 7 | F9: =IF(D9>E9,"Win",IF(D9<E9,"Loss","Draw")) -> Draw
A10: 1 | B10: Pranav | C10: B | D10: 7 | E10: 7 | F10: =IF(D10>E10,"Win",IF(D10<E10,"Loss","Draw")) -> Draw | G10: 3 | H10: 2
A11: 1 | B11: Damian | C11: B | D11: 7 | E11: 7 | F11: =IF(D11>E11,"Win",IF(D11<E11,"Loss","Draw")) -> Draw

Sheet Players
A1: Player Name | B1: Position | C1: Match Played | D1: Total Goals Scored | E1: Total Goals Conceded | F1: Goal Difference | G1: Games Won | H1: Games Drew | I1: Games Lost | J1: % Win | K1: Goal Scored | L1: Goal/Game | M1: Assists | N1: MVP | O1: MVP/Game
A2: Pranav | C2: =COUNTIF('Team Lineups'!B:B,A2) -> 1 | D2: =SUMIF('Team Lineups'!B:B,A2,'Team Lineups'!D:D) -> 7 | E2: =SUMIF('Team Lineups'!B:B,A2,'Team Lineups'!E:E) -> 7 | F2: =D2-E2 -> 0 | G2: =COUNTIFS('Team Lineups'!B:B,A2,'Team Lineups'!F:F,"Win") -> 0 | H2: =COUNTIFS('Team Lineups'!B:B,A2,'Team Lineups'!F:F,"Draw") -> 1 | I2: =COUNTIFS('Team Lineups'!B:B,A2,'Team Lineups'!F:F,"Loss") -> 0 | J2: =G2/C2 -> 0 | K2: =SUMIF('Team Lineups'!B:B,A2,'Team Lineups'!G:G) -> 3 | L2: =K2/C2 -> 3 | M2: =SUMIF('Team Lineups'!B:B,A2,'Team Lineups'!H:H) -> 2 | N2: =COUNTIF(Matches!G:G,A2) -> 1 | O2: =N2/C2 -> 1
A3: Gianmarco | C3: =COUNTIF('Team Lineups'!B:B,A3) -> 1 | D3: =SUMIF('Team Lineups'!B:B,A3,'Team Lineups'!D:D) -> 7 | E3: =SUMIF('Team Lineups'!B:B,A3,'Team Lineups'!E:E) -> 7 | F3: =D3-E3 -> 0 | G3: =COUNTIFS('Team Lineups'!B:B,A3,'Team Lineups'!F:F,"Win") -> 0 | H3: =COUNTIFS('Team Lineups'!B:B,A3,'Team Lineups'!F:F,"Draw") -> 1 | I3: =COUNTIFS('Team Lineups'!B:B,A3,'Team Lineups'!F:F,"Loss") -> 0 | J3: =G3/C3 -> 0 | K3: =SUMIF('Team Lineups'!B:B,A3,'Team Lineups'!G:G) -> 2 | L3: =K3/C3 -> 2 | M3: =SUMIF('Team Lineups'!B:B,A3,'Team Lineups'!H:H) -> 0 | N3: =COUNTIF(Matches!G:G,A3) -> 0 | O3: =N3/C3 -> 0
A4: Alirio | C4: =COUNTIF('Team Lineups'!B:B,A4) -> 0 | D4: =SUMIF('Team Lineups'!B:B,A4,'Team Lineups'!D:D) -> 0 | E4: =SUMIF('Team Lineups'!B:B,A4,'Team Lineups'!E:E) -> 0 | F4: =D4-E4 -> 0 | G4: =COUNTIFS('Team Lineups'!B:B,A4,'Team Lineups'!F:F,"Win") -> 0 | H4: =COUNTIFS('Team Lineups'!B:B,A4,'Team Lineups'!F:F,"Draw") -> 0 | I4: =COUNTIFS('Team Lineups'!B:B,A4,'Team Lineups'!F:F,"Loss") -> 0 | J4: =G4/C4 -> #DIV/0! | K4: =SUMIF('Team Lineups'!B:B,A4,'Team Lineups'!G:G) -> 0 | L4: =K4/C4 -> #DIV/0! | M4: =SUMIF('Team Lineups'!B:B,A4,'Team Lineups'!H:H) -> 0 | N4: =COUNTIF(Matches!G:G,A4) -> 0 | O4: =N4/C4 -> #DIV/0!
A5: Gioele | C5: =COUNTIF('Team Lineups'!B:B,A5) -> 1 | D5: =SUMIF('Team Lineups'!B:B,A5,'Team Lineups'!D:D) -> 7 | E5: =SUMIF('Team Lineups'!B:B,A5,'Team Lineups'!E:E) -> 7 | F5: =D5-E5 -> 0 | G5: =COUNTIFS('Team Lineups'!B:B,A5,'Team Lineups'!F:F,"Win") -> 0 | H5: =COUNTIFS('Team Lineups'!B:B,A5,'Team Lineups'!F:F,"Draw") -> 1 | I5: =COUNTIFS('Team Lineups'!B:B,A5,'Team Lineups'!F:F,"Loss") -> 0 | J5: =G5/C5 -> 0 | K5: =SUMIF('Team Lineups'!B:B,A5,'Team Lineups'!G:G) -> 2 | L5: =K5/C5 -> 2 | M5: =SUMIF('Team Lineups'!B:B,A5,'Team Lineups'!H:H) -> 2 | N5: =COUNTIF(Matches!G:G,A5) -> 0 | O5: =N5/C5 -> 0
A6: Angelo | C6: =COUNTIF('Team Lineups'!B:B,A6) -> 0 | D6: =SUMIF('Team Lineups'!B:B,A6,'Team Lineups'!D:D) -> 0 | E6: =SUMIF('Team Lineups'!B:B,A6,'Team Lineups'!E:E) -> 0 | F6: =D6-E6 -> 0 | G6: =COUNTIFS('Team Lineups'!B:B,A6,'Team Lineups'!F:F,"Win") -> 0 | H6: =COUNTIFS('Team Lineups'!B:B,A6,'Team Lineups'!F:F,"Draw") -> 0 | I6: =COUNTIFS('Team Lineups'!B:B,A6,'Team Lineups'!F:F,"Loss") -> 0 | J6: =G6/C6 -> #DIV/0! | K6: =SUMIF('Team Lineups'!B:B,A6,'Team Lineups'!G:G) -> 0 | L6: =K6/C6 -> #DIV/0! | M6: =SUMIF('Team Lineups'!B:B,A6,'Team Lineups'!H:H) -> 0 | N6: =COUNTIF(Matches!G:G,A6) -> 0 | O6: =N6/C6 -> #DIV/0!
A7: Barroso | C7: =COUNTIF('Team Lineups'!B:B,A7) -> 0 | D7: =SUMIF('Team Lineups'!B:B,A7,'Team Lineups'!D:D) -> 0 | E7: =SUMIF('Team Lineups'!B:B,A7,'Team Lineups'!E:E) -> 0 | F7: =D7-E7 -> 0 | G7: =COUNTIFS('Team Lineups'!B:B,A7,'Team Lineups'!F:F,"Win") -> 0 | H7: =COUNTIFS('Team Lineups'!B:B,A7,'Team Lineups'!F:F,"Draw") -> 0 | I7: =COUNTIFS('Team Lineups'!B:B,A7,'Team Lineups'!F:F,"Loss") -> 0 | J7: =G7/C7 -> #DIV/0! | K7: =SUMIF('Team Lineups'!B:B,A7,'Team Lineups'!G:G) -> 0 | L7: =K7/C7 -> #DIV/0! | M7: =SUMIF('Team Lineups'!B:B,A7,'Team Lineups'!H:H) -> 0 | N7: =COUNTIF(Matches!G:G,A7) -> 0 | O7: =N7/C7 -> #DIV/0!
A8: Musta | C8: =COUNTIF('Team Lineups'!B:B,A8) -> 1 | D8: =SUMIF('Team Lineups'!B:B,A8,'Team Lineups'!D:D) -> 7 | E8: =SUMIF('Team Lineups'!B:B,A8,'Team Lineups'!E:E) -> 7 | F8: =D8-E8 -> 0 | G8: =COUNTIFS('Team Lineups'!B:B,A8,'Team Lineups'!F:F,"Win") -> 0 | H8: =COUNTIFS('Team Lineups'!B:B,A8,'Team Lineups'!F:F,"Draw") -> 1 | I8: =COUNTIFS('Team Lineups'!B:B,A8,'Team Lineups'!F:F,"Loss") -> 0 | J8: =G8/C8 -> 0 | K8: =SUMIF('Team Lineups'!B:B,A8,'Team Lineups'!G:G) -> 2 | L8: =K8/C8 -> 2 | M8: =SUMIF('Team Lineups'!B:B,A8,'Team Lineups'!H:H) -> 0 | N8: =COUNTIF(Matches!G:G,A8) -> 0 | O8: =N8/C8 -> 0
A9: Dario | C9: =COUNTIF('Team Lineups'!B:B,A9) -> 0 | D9: =SUMIF('Team Lineups'!B:B,A9,'Team Lineups'!D:D) -> 0 | E9: =SUMIF('Team Lineups'!B:B,A9,'Team Lineups'!E:E) -> 0 | F9: =D9-E9 -> 0 | G9: =COUNTIFS('Team Lineups'!B:B,A9,'Team Lineups'!F:F,"Win") -> 0 | H9: =COUNTIFS('Team Lineups'!B:B,A9,'Team Lineups'!F:F,"Draw") -> 0 | I9: =COUNTIFS('Team Lineups'!B:B,A9,'Team Lineups'!F:F,"Loss") -> 0 | J9: =G9/C9 -> #DIV/0! | K9: =SUMIF('Team Lineups'!B:B,A9,'Team Lineups'!G:G) -> 0 | L9: =K9/C9 -> #DIV/0! | M9: =SUMIF('Team Lineups'!B:B,A9,'Team Lineups'!H:H) -> 0 | N9: =COUNTIF(Matches!G:G,A9) -> 0 | O9: =N9/C9 -> #DIV/0!
A10: Diego | C10: =COUNTIF('Team Lineups'!B:B,A10) -> 0 | D10: =SUMIF('Team Lineups'!B:B,A10,'Team Lineups'!D:D) -> 0 | E10: =SUMIF('Team Lineups'!B:B,A10,'Team Lineups'!E:E) -> 0 | F10: =D10-E10 -> 0 | G10: =COUNTIFS('Team Lineups'!B:B,A10,'Team Lineups'!F:F,"Win") -> 0 | H10: =COUNTIFS('Team Lineups'!B:B,A10,'Team Lineups'!F:F,"Draw") -> 0 | I10: =COUNTIFS('Team Lineups'!B:B,A10,'Team Lineups'!F:F,"Loss") -> 0 | J10: =G10/C10 -> #DIV/0! | K10: =SUMIF('Team Lineups'!B:B,A10,'Team Lineups'!G:G) -> 0 | L10: =K10/C10 -> #DIV/0! | M10: =SUMIF('Team Lineups'!B:B,A10,'Team Lineups'!H:H) -> 0 | N10: =COUNTIF(Matches!G:G,A10) -> 0 | O10: =N10/C10 -> #DIV/0!
A11: Edison | C11: =COUNTIF('Team Lineups'!B:B,A11) -> 0 | D11: =SUMIF('Team Lineups'!B:B,A11,'Team Lineups'!D:D) -> 0 | E11: =SUMIF('Team Lineups'!B:B,A11,'Team Lineups'!E:E) -> 0 | F11: =D11-E11 -> 0 | G11: =COUNTIFS('Team Lineups'!B:B,A11,'Team Lineups'!F:F,"Win") -> 0 | H11: =COUNTIFS('Team Lineups'!B:B,A11,'Team Lineups'!F:F,"Draw") -> 0 | I11: =COUNTIFS('Team Lineups'!B:B,A11,'Team Lineups'!F:F,"Loss") -> 0 | J11: =G11/C11 -> #DIV/0! | K11: =SUMIF('Team Lineups'!B:B,A11,'Team Lineups'!G:G) -> 0 | L11: =K11/C11 -> #DIV/0! | M11: =SUMIF('Team Lineups'!B:B,A11,'Team Lineups'!H:H) -> 0 | N11: =COUNTIF(Matches!G:G,A11) -> 0 | O11: =N11/C11 -> #DIV/0!
A12: Enrico | C12: =COUNTIF('Team Lineups'!B:B,A12) -> 0 | D12: =SUMIF('Team Lineups'!B:B,A12,'Team Lineups'!D:D) -> 0 | E12: =SUMIF('Team Lineups'!B:B,A12,'Team Lineups'!E:E) -> 0 | F12: =D12-E12 -> 0 | G12: =COUNTIFS('Team Lineups'!B:B,A12,'Team Lineups'!F:F,"Win") -> 0 | H12: =COUNTIFS('Team Lineups'!B:B,A12,'Team Lineups'!F:F,"Draw") -> 0 | I12: =COUNTIFS('Team Lineups'!B:B,A12,'Team Lineups'!F:F,"Loss") -> 0 | J12: =G12/C12 -> #DIV/0! | K12: =SUMIF('Team Lineups'!B:B,A12,'Team Lineups'!G:G) -> 0 | L12: =K12/C12 -> #DIV/0! | M12: =SUMIF('Team Lineups'!B:B,A12,'Team Lineups'!H:H) -> 0 | N12: =COUNTIF(Matches!G:G,A12) -> 0 | O12: =N12/C12 -> #DIV/0!
A13: Ervin | C13: =COUNTIF('Team Lineups'!B:B,A13) -> 0 | D13: =SUMIF('Team Lineups'!B:B,A13,'Team Lineups'!D:D) -> 0 | E13: =SUMIF('Team Lineups'!B:B,A13,'Team Lineups'!E:E) -> 0 | F13: =D13-E13 -> 0 | G13: =COUNTIFS('Team Lineups'!B:B,A13,'Team Lineups'!F:F,"Win") -> 0 | H13: =COUNTIFS('Team Lineups'!B:B,A13,'Team Lineups'!F:F,"Draw") -> 0 | I13: =COUNTIFS('Team Lineups'!B:B,A13,'Team Lineups'!F:F,"Loss") -> 0 | J13: =G13/C13 -> #DIV/0! | K13: =SUMIF('Team Lineups'!B:B,A13,'Team Lineups'!G:G) -> 0 | L13: =K13/C13 -> #DIV/0! | M13: =SUMIF('Team Lineups'!B:B,A13,'Team Lineups'!H:H) -> 0 | N13: =COUNTIF(Matches!G:G,A13) -> 0 | O13: =N13/C13 -> #DIV/0!
... A28: Damian | C28: =COUNTIF('Team Lineups'!B:B,A28) -> 1 | D28: =SUMIF('Team Lineups'!B:B,A28,'Team Lineups'!D:D) -> 7 | E28: =SUMIF('Team Lineups'!B:B,A28,'Team Lineups'!E:E) -> 7 | F28: =D28-E28 -> 0 | G28: =COUNTIFS('Team Lineups'!B:B,A28,'Team Lineups'!F:F,"Win") -> 0 | H28: =COUNTIFS('Team Lineups'!B:B,A28,'Team Lineups'!F:F,"Draw") -> 1 | I28: =COUNTIFS('Team Lineups'!B:B,A28,'Team Lineups'!F:F,"Loss") -> 0 | J28: =G28/C28 -> 0 | K28: =SUMIF('Team Lineups'!B:B,A28,'Team Lineups'!G:G) -> 0 | L28: =K28/C28 -> 0 | M28: =SUMIF('Team Lineups'!B:B,A28,'Team Lineups'!H:H) -> 0 | N28: =COUNTIF(Matches!G:G,A28) -> 0 | O28: =N28/C28 -> 0
